independent	dependent	mediator	model1_estimate	model1_pvalue	model2_estimate	model2_pvalue	model3_estimate	model3_pvalue	model4_estimate	model4_pvalue	ADE_estimate	ADE_pvalue	TotE_estimate	TotE_pvalue	ACME_estimate	ACME_pvalue	Prop_estimate	Prop_pvalue
LacCer(d42:2)	AD_CTL	Total_C	0.5586472655095502	0.004272017707544819	2.7801790895309	6.748433953554461e-10	0.4609673454274982	0.02413409032215164	0.05043228738822119	0.0184200409675915	0.4609673454274981	0.012	0.5586472655095501	<2e-16	0.09767992008205205	0.104	0.17485079783386534	0.104
LacCer(d42:2)	AD_CTL	Total_TG	0.5586472655095502	0.004272017707544819	-0.6395970421097289	0.0069327227395218185	0.5630106845675337	0.004377115312646105	-0.009336094879550137	0.8225479301732811	0.5630106845675337	0.004	0.55864726550955	0.008	-0.004363419057983566	0.892	-0.007810687221396556	0.9
LacCer(d42:2)	AD_CTL	HDL_C	0.5586472655095502	0.004272017707544819	0.8187136958294339	9.169211854812242e-9	0.6084324652882172	0.00286581136183771	-0.0010110403094939046	0.9881533063618906	0.6084324652882173	<2e-16	0.5586472655095502	0.004	-0.04978519977866701	0.384	-0.08911741424753455	0.388
LacCer(d42:2)	AD_CTL	LDL_C	0.5586472655095502	0.004272017707544819	1.002115828136457	9.157545244943397e-6	0.4681823413310867	0.0188202794043666	0.11306425171374432	0.008748735260951313	0.46818234133108666	0.016	0.5586472655095501	<2e-16	0.09046492417846348	0.044	0.16193567885085616	0.044
LacCer(d42:2)	AD_CTL	ApoB	0.5586472655095502	0.004272017707544819	0.42248827086881274	2.5018512564168196e-5	0.4708510272001992	0.017852037416258983	0.2569973951840719	0.008255811244005958	0.4708510272001991	0.020	0.55864726550955	0.008	0.08779623830935093	0.032	0.15715862894141394	0.04
LPC(16:1)	AD_CTL	Total_C	0.29810427419543734	0.044037521170287856	1.5344933080059593	8.214756286981777e-6	0.23215773272337378	0.12445232269862981	0.05043228738822119	0.0184200409675915	0.2321577327233738	0.140	0.2981042741954374	0.052	0.0659465414720636	0.048	0.22121971129078474	0.092
LPC(16:1)	AD_CTL	Total_TG	0.29810427419543734	0.044037521170287856	0.3605444844333552	0.044296056134682994	0.304585492306873	0.04088730066885809	-0.009336094879550137	0.8225479301732811	0.30458549230687304	0.052	0.2981042741954374	0.052	-0.006481218111435611	0.576	-0.02174144644161163	0.604
LPC(16:1)	AD_CTL	HDL_C	0.29810427419543734	0.044037521170287856	0.415792474760834	1.3388080817152215e-4	0.3097980370352044	0.0401792324243769	-0.0010110403094939046	0.9881533063618906	0.3097980370352045	0.032	0.2981042741954374	0.032	-0.011693762839767061	0.680	-0.03922708881423357	0.688
LPC(16:1)	AD_CTL	LDL_C	0.29810427419543734	0.044037521170287856	0.5497827369879872	0.0013571957274836114	0.24217819063685583	0.10407902893039365	0.11306425171374432	0.008748735260951313	0.2421781906368558	0.160	0.2981042741954373	0.072	0.0559260835585815	0.016	0.18760577556132702	0.08
LPC(16:1)	AD_CTL	ApoB	0.29810427419543734	0.044037521170287856	0.22440214848505716	0.00320584476451046	0.2458000357068091	0.09826519858945616	0.2569973951840719	0.008255811244005958	0.2458000357068091	0.108	0.2981042741954374	0.032	0.05230423848862828	0.024	0.17545618434956614	0.056
LPC(O-16:0)	AD_CTL	Total_C	0.3076969284528738	0.062098338401418936	1.8445492850658607	1.4112312952499915e-6	0.2277469851348698	0.1779846711498282	0.05043228738822119	0.0184200409675915	0.22774698513486977	0.128	0.3076969284528737	0.044	0.07994994331800397	0.052	0.25983341374253904	0.096
LPC(O-16:0)	AD_CTL	Total_TG	0.3076969284528738	0.062098338401418936	-0.12459135687812954	0.5335455662250286	0.30683584458649454	0.06328498596581059	-0.009336094879550137	0.8225479301732811	0.3068358445864945	0.052	0.30769692845287366	0.056	8.610838663791978e-4	0.872	0.0027984805396296924	0.864
LPC(O-16:0)	AD_CTL	HDL_C	0.3076969284528738	0.062098338401418936	0.3790521580783924	0.0018297244604450638	0.3157792726030693	0.05891539259518779	-0.0010110403094939046	0.9881533063618906	0.3157792726030693	0.060	0.3076969284528738	0.068	-0.008082344150195576	0.748	-0.026267224020838583	0.776
LPC(O-16:0)	AD_CTL	LDL_C	0.3076969284528738	0.062098338401418936	0.8175801010273869	1.7092079778165436e-5	0.22561306009432186	0.17871142794312642	0.11306425171374432	0.008748735260951313	0.22561306009432186	0.180	0.3076969284528738	0.060	0.0820838683585519	0.016	0.2667685659758664	0.076
LPC(O-16:0)	AD_CTL	ApoB	0.3076969284528738	0.062098338401418936	0.31441960977681715	1.992631005866176e-4	0.235012821540454	0.15871502210480856	0.2569973951840719	0.008255811244005958	0.23501282154045403	0.164	0.3076969284528738	0.072	0.07268410691241974	0.032	0.23621980004116902	0.104
PC(32:0)	AD_CTL	Total_C	0.7454264813072521	0.0036960283779335387	4.067063624945172	4.670991919623134e-12	0.6101329028345747	0.0248193245531447	0.05043228738822119	0.0184200409675915	0.6101329028345747	0.028	0.7454264813072522	<2e-16	0.1352935784726775	0.176	0.18149821862434182	0.176
PC(32:0)	AD_CTL	Total_TG	0.7454264813072521	0.0036960283779335387	-0.5094702943123962	0.10257093495378306	0.7457034655773767	0.0038441272342933696	-0.009336094879550137	0.8225479301732811	0.7457034655773768	0.004	0.7454264813072523	0.004	-2.769842701244498e-4	0.968	-3.7157825361758615e-4	0.972
PC(32:0)	AD_CTL	HDL_C	0.7454264813072521	0.0036960283779335387	1.0761435327650568	8.959427547914556e-9	0.811931883143644	0.0024489588125375596	-0.0010110403094939046	0.9881533063618906	0.811931883143644	<2e-16	0.7454264813072522	<2e-16	-0.06650540183639181	0.48	-0.08921792222857643	0.476
PC(32:0)	AD_CTL	LDL_C	0.7454264813072521	0.0036960283779335387	1.5099805166222136	3.2332900542172046e-7	0.6141206008902373	0.019991211230446237	0.11306425171374432	0.008748735260951313	0.6141206008902373	0.024	0.7454264813072522	0.004	0.13130588041701483	0.056	0.17614866617931804	0.06
PC(32:0)	AD_CTL	ApoB	0.7454264813072521	0.0036960283779335387	0.6529362667882467	6.33647609516648e-7	0.6152102051654808	0.01955109617524133	0.2569973951840719	0.008255811244005958	0.6152102051654809	0.020	0.7454264813072523	0.004	0.13021627614177145	0.048	0.17468694687826428	0.052
PC(36:5)	AD_CTL	Total_C	-0.4528621987530439	4.973140563709847e-4	0.8190496154236164	0.007493856946654826	-0.5032307484965316	1.1169041499065872e-4	0.05043228738822119	0.0184200409675915	-0.5032307484965316	<2e-16	-0.4528621987530439	<2e-16	0.05036854974348768	0.008	-0.11122268513949163	0.008
PC(36:5)	AD_CTL	Total_TG	-0.4528621987530439	4.973140563709847e-4	0.24498388601669133	0.12208793582133794	-0.4533203649044007	5.18816711764979e-4	-0.009336094879550137	0.8225479301732811	-0.4533203649044007	<2e-16	-0.4528621987530439	<2e-16	4.581661513568143e-4	0.97	-0.0010117120674200133	0.968
PC(36:5)	AD_CTL	HDL_C	-0.4528621987530439	4.973140563709847e-4	0.46395634663598895	1.2124238067051905e-6	-0.4803031326987475	3.4176562638776783e-4	-0.0010110403094939046	0.9881533063618906	-0.4803031326987475	<2e-16	-0.4528621987530439	<2e-16	0.027440933945703606	0.4	-0.06059444577459152	0.404
PC(36:5)	AD_CTL	LDL_C	-0.4528621987530439	4.973140563709847e-4	0.1824520999411206	0.23119306414786983	-0.4752190631801328	2.349644494122534e-4	0.11306425171374432	0.008748735260951313	-0.4752190631801328	<2e-16	-0.45286219875304384	<2e-16	0.02235686442708896	0.22	-0.049367919178612364	0.224
PC(36:5)	AD_CTL	ApoB	-0.4528621987530439	4.973140563709847e-4	0.03944710964734013	0.5594629785737306	-0.46340097420240206	3.298472517690839e-4	0.2569973951840719	0.008255811244005958	-0.46340097420240206	0.004	-0.4528621987530439	0.004	0.010538775449358188	0.608	-0.023271484081419706	0.612
PC(40:6)	AD_CTL	Total_C	-0.495016063220316	0.0012909586359688362	0.7335566555011016	0.04306340969956807	-0.5375734765578816	4.635782430138802e-4	0.05043228738822119	0.0184200409675915	-0.5375734765578816	0.004	-0.4950160632203159	0.004	0.04255741333756566	0.048	-0.0859717825330947	0.052
PC(40:6)	AD_CTL	Total_TG	-0.495016063220316	0.0012909586359688362	0.5867256604580311	0.0016387821342686033	-0.5020307242224238	0.001286852094722819	-0.009336094879550137	0.8225479301732811	-0.5020307242224238	<2e-16	-0.49501606322031605	<2e-16	0.007014661002107734	0.76	-0.014170572478949496	0.756
PC(40:6)	AD_CTL	HDL_C	-0.495016063220316	0.0012909586359688362	0.14480385706404175	0.20606819357549777	-0.49688446170868544	0.0012839230713014035	-0.0010110403094939046	0.9881533063618906	-0.49688446170868544	<2e-16	-0.495016063220316	<2e-16	0.0018683984883694647	0.86	-0.003774419917233879	0.856
PC(40:6)	AD_CTL	LDL_C	-0.495016063220316	0.0012909586359688362	0.2912387241823795	0.10549254133887834	-0.5314722820503552	5.14493935041009e-4	0.11306425171374432	0.008748735260951313	-0.5314722820503552	<2e-16	-0.49501606322031605	0.004	0.036456218830039196	0.120	-0.07364653702927147	0.124
PC(40:6)	AD_CTL	ApoB	-0.495016063220316	0.0012909586359688362	0.12626102051229887	0.11335645277637549	-0.530835752877183	5.20761246873478e-4	0.2569973951840719	0.008255811244005958	-0.530835752877183	<2e-16	-0.495016063220316	<2e-16	0.03581968965686702	0.096	-0.07236066123560278	0.096
PC(O-32:0)	AD_CTL	Total_C	0.7414038522835198	0.0017544754974975776	3.8058048691291133	2.3442882378554083e-12	0.6226042546340025	0.01324832807483262	0.05043228738822119	0.0184200409675915	0.6226042546340025	0.008	0.7414038522835198	0.008	0.11879959764951727	0.180	0.16023601345422628	0.18
PC(O-32:0)	AD_CTL	Total_TG	0.7414038522835198	0.0017544754974975776	-0.9926695124895151	5.313078003414984e-4	0.7548116145938725	0.0017266739629320672	-0.009336094879550137	0.8225479301732811	0.7548116145938725	<2e-16	0.7414038522835198	<2e-16	-0.013407762310352686	0.82	-0.01808429005198294	0.824
PC(O-32:0)	AD_CTL	HDL_C	0.7414038522835198	0.0017544754974975776	1.1468896526940418	2.3484967690936774e-11	0.8317995565880472	9.159867734520354e-4	-0.0010110403094939046	0.9881533063618906	0.831799556588047	<2e-16	0.7414038522835196	<2e-16	-0.09039570430452744	0.22	-0.12192505343222751	0.224
PC(O-32:0)	AD_CTL	LDL_C	0.7414038522835198	0.0017544754974975776	1.445028088070288	1.1535324359272504e-7	0.620804926713762	0.011032383491791456	0.11306425171374432	0.008748735260951313	0.620804926713762	0.004	0.7414038522835198	<2e-16	0.12059892556975779	0.052	0.16266293356625242	0.052
PC(O-32:0)	AD_CTL	ApoB	0.7414038522835198	0.0017544754974975776	0.5444208151682707	7.353388194392481e-6	0.6330096849763603	0.008815613695496362	0.2569973951840719	0.008255811244005958	0.6330096849763603	<2e-16	0.7414038522835198	<2e-16	0.10839416730715944	0.044	0.14620124642366777	0.044
PC(O-34:0)	AD_CTL	Total_C	0.6302486325589775	4.4461873135112796e-4	2.8515907092801935	4.4838186601537925e-12	0.5494040309421948	0.003849275028214666	0.05043228738822119	0.0184200409675915	0.5494040309421948	<2e-16	0.6302486325589775	<2e-16	0.08084460161678265	0.19	0.12827414045871394	0.188
PC(O-34:0)	AD_CTL	Total_TG	0.6302486325589775	4.4461873135112796e-4	-0.08872863460708146	0.6853449670050299	0.62968290693102	4.585001530325823e-4	-0.009336094879550137	0.8225479301732811	0.6296829069310199	<2e-16	0.6302486325589773	<2e-16	5.657256279574578e-4	0.93	8.976229359839523e-4	0.928
PC(O-34:0)	AD_CTL	HDL_C	0.6302486325589775	4.4461873135112796e-4	0.626449936187789	2.0782289430593253e-6	0.6680425153960995	3.005631833761065e-4	-0.0010110403094939046	0.9881533063618906	0.6680425153960995	0.004	0.6302486325589776	0.004	-0.03779388283712201	0.416	-0.05996662409828447	0.412
PC(O-34:0)	AD_CTL	LDL_C	0.6302486325589775	4.4461873135112796e-4	1.1199150783292413	5.9576563175152756e-8	0.5426637082124188	0.0034104815897718177	0.11306425171374432	0.008748735260951313	0.5426637082124188	<2e-16	0.6302486325589776	<2e-16	0.08758492434655868	0.068	0.13896884470965137	0.068
PC(O-34:0)	AD_CTL	ApoB	0.6302486325589775	4.4461873135112796e-4	0.4891963516206841	9.35588123625057e-8	0.5424272199030153	0.0033843655787609258	0.2569973951840719	0.008255811244005958	0.5424272199030153	0.004	0.6302486325589775	<2e-16	0.0878214126559621	0.068	0.13934407489213227	0.068
PC(P-32:0)/PC(O-32:1)	AD_CTL	Total_C	0.5958430186460046	0.014830046265320689	4.267239353102158	1.5441769368955996e-14	0.442253293675368	0.09214791998555227	0.05043228738822119	0.0184200409675915	0.44225329367536803	0.128	0.5958430186460046	0.016	0.15358972497063667	0.112	0.2577687749361474	0.128
PC(P-32:0)/PC(O-32:1)	AD_CTL	Total_TG	0.5958430186460046	0.014830046265320689	-0.7865725425455223	0.007858900035362548	0.5991614994451733	0.0153007252141767	-0.009336094879550137	0.8225479301732811	0.5991614994451734	0.008	0.5958430186460046	0.012	-0.003318480799168663	0.980	-0.0055693877335503406	0.984
PC(P-32:0)/PC(O-32:1)	AD_CTL	HDL_C	0.5958430186460046	0.014830046265320689	1.481614654321182	1.4300954568543184e-17	0.7187453098175943	0.007404157836783968	-0.0010110403094939046	0.9881533063618906	0.7187453098175943	0.008	0.5958430186460045	0.012	-0.12290229117158978	0.256	-0.2062662267166834	0.268
PC(P-32:0)/PC(O-32:1)	AD_CTL	LDL_C	0.5958430186460046	0.014830046265320689	1.4501069445483905	2.443451878938384e-7	0.4621459726668398	0.06612329503409789	0.11306425171374432	0.008748735260951313	0.46214597266683977	0.056	0.5958430186460046	0.008	0.13369704597916482	0.036	0.2243830032329293	0.044
PC(P-32:0)/PC(O-32:1)	AD_CTL	ApoB	0.5958430186460046	0.014830046265320689	0.5620602219905367	6.9258572364796954e-6	0.47518834301271945	0.05671360187489406	0.2569973951840719	0.008255811244005958	0.47518834301271945	0.064	0.5958430186460046	0.016	0.12065467563328519	0.052	0.20249406615094898	0.06
PC(P-36:2)/PC(O-36:3)_C	AD_CTL	Total_C	0.2500892291810672	0.15927893900766607	2.947851848716678	2.927453962596129e-13	0.1161208160974444	0.5394225915733699	0.05043228738822119	0.0184200409675915	0.11612081609744443	0.564	0.2500892291810672	0.144	0.13396841308362278	0.032	0.5356824583062243	0.176
PC(P-36:2)/PC(O-36:3)_C	AD_CTL	Total_TG	0.2500892291810672	0.15927893900766607	-0.7450410018123432	4.919873238507405e-4	0.2507550137686126	0.16516347301689216	-0.009336094879550137	0.8225479301732811	0.25075501376861253	0.18	0.25008922918106713	0.17	-6.657845875453815e-4	0.90	-0.0026621881707002463	0.904
PC(P-36:2)/PC(O-36:3)_C	AD_CTL	HDL_C	0.2500892291810672	0.15927893900766607	1.1356015319121315	1.11608457350751e-19	0.30975314203598536	0.11676403678375034	-0.0010110403094939046	0.9881533063618906	0.30975314203598536	0.13	0.2500892291810672	0.16	-0.05966391285491817	0.53	-0.23857050161772814	0.596
PC(P-36:2)/PC(O-36:3)_C	AD_CTL	LDL_C	0.2500892291810672	0.15927893900766607	0.9954301950807704	1.0581877565630803e-6	0.14612438047930534	0.4218796232341009	0.11306425171374432	0.008748735260951313	0.14612438047930537	0.444	0.25008922918106724	0.160	0.10396484870176187	0.028	0.41571102059133547	0.18
PC(P-36:2)/PC(O-36:3)_C	AD_CTL	ApoB	0.2500892291810672	0.15927893900766607	0.3398684634281113	1.867272260524582e-4	0.16862117303099677	0.3478512104648367	0.2569973951840719	0.008255811244005958	0.16862117303099675	0.356	0.2500892291810672	0.140	0.08146805615007041	0.008	0.32575595685125125	0.148
PC(P-38:3)/PC(O-38:4)	AD_CTL	Total_C	0.5747210621207314	0.003421747373242521	1.8320190091705135	6.531349563701358e-5	0.5022699948183091	0.011809227162781957	0.05043228738822119	0.0184200409675915	0.5022699948183091	0.008	0.5747210621207314	0.004	0.07245106730242222	0.084	0.1260630105238817	0.088
PC(P-38:3)/PC(O-38:4)	AD_CTL	Total_TG	0.5747210621207314	0.003421747373242521	-0.9946389463451595	2.5814005769565232e-5	0.5914547449782529	0.0032616895163488425	-0.009336094879550137	0.8225479301732811	0.5914547449782529	<2e-16	0.5747210621207315	<2e-16	-0.01673368285752146	0.72	-0.02911618167563558	0.716
PC(P-38:3)/PC(O-38:4)	AD_CTL	HDL_C	0.5747210621207314	0.003421747373242521	0.8976983648521529	3.0252962299947943e-10	0.6366658129111126	0.0020621028481490927	-0.0010110403094939046	0.9881533063618906	0.6366658129111125	0.004	0.5747210621207313	0.004	-0.06194475079038112	0.368	-0.10778228757060661	0.372
PC(P-38:3)/PC(O-38:4)	AD_CTL	LDL_C	0.5747210621207314	0.003421747373242521	0.5942050068551656	0.009396905973074715	0.5163134477799391	0.008692686085656397	0.11306425171374432	0.008748735260951313	0.5163134477799391	0.008	0.5747210621207314	0.008	0.05840761434079221	0.032	0.1016277603003917	0.04
PC(P-38:3)/PC(O-38:4)	AD_CTL	ApoB	0.5747210621207314	0.003421747373242521	0.1343412065046468	0.18661427822545593	0.5425953928446297	0.005488387754092739	0.2569973951840719	0.008255811244005958	0.5425953928446297	0.012	0.5747210621207314	0.008	0.03212566927610173	0.216	0.055897845743737684	0.208
PC(P-38:5)/PC(O-38:6)	AD_CTL	Total_C	-0.27471449136358467	0.0030195122934248164	0.18812958582077405	0.38942495057760185	-0.28473779139443034	0.0019988052645091158	0.05043228738822119	0.0184200409675915	-0.28473779139443034	<2e-16	-0.27471449136358467	<2e-16	0.010023300030845679	0.39	-0.03648624424977946	0.392
PC(P-38:5)/PC(O-38:6)	AD_CTL	Total_TG	-0.27471449136358467	0.0030195122934248164	0.7412149507227174	1.3490741899745603e-11	-0.30080487532277483	0.0022022280663836777	-0.009336094879550137	0.8225479301732811	-0.30080487532277483	<2e-16	-0.2747144913635846	<2e-16	0.026090383959190198	0.41	-0.0949727254273586	0.408
PC(P-38:5)/PC(O-38:6)	AD_CTL	HDL_C	-0.27471449136358467	0.0030195122934248164	-0.13445149971701514	0.05065242938758792	-0.277531403705452	0.0029009941494834	-0.0010110403094939046	0.9881533063618906	-0.277531403705452	<2e-16	-0.2747144913635846	<2e-16	0.0028169123418673664	0.82	-0.010253963407191296	0.816
PC(P-38:5)/PC(O-38:6)	AD_CTL	LDL_C	-0.27471449136358467	0.0030195122934248164	0.07934495053740458	0.4640747719458498	-0.2840722850882303	0.0020073609139008644	0.11306425171374432	0.008748735260951313	-0.2840722850882303	0.004	-0.2747144913635847	0.004	0.009357793724645591	0.400	-0.034063706207112854	0.404
PC(P-38:5)/PC(O-38:6)	AD_CTL	ApoB	-0.27471449136358467	0.0030195122934248164	0.10725013773089992	0.02514215454092934	-0.3061538231724656	9.202549807033673e-4	0.2569973951840719	0.008255811244005958	-0.3061538231724656	<2e-16	-0.27471449136358467	<2e-16	0.031439331808880935	0.016	-0.11444365986238045	0.016
PC(P-40:3)/PC(O-40:4)	AD_CTL	Total_C	0.36968534168753925	0.014048618123550401	0.5042433494844673	0.15466782271334686	0.3460318677301593	0.021152883604989722	0.05043228738822119	0.0184200409675915	0.34603186773015926	0.02	0.36968534168753914	0.02	0.023653473957379878	0.22	0.06398272068188188	0.24
PC(P-40:3)/PC(O-40:4)	AD_CTL	Total_TG	0.36968534168753925	0.014048618123550401	-0.2179010936361687	0.23326754924064777	0.3689808859932804	0.014529743746398335	-0.009336094879550137	0.8225479301732811	0.3689808859932804	0.008	0.36968534168753925	0.012	7.044556942588647e-4	0.952	0.0019055548457592771	0.948
PC(P-40:3)/PC(O-40:4)	AD_CTL	HDL_C	0.36968534168753925	0.014048618123550401	0.26093336395666344	0.019247938481489306	0.37513611106678463	0.01343814482880563	-0.0010110403094939046	0.9881533063618906	0.37513611106678457	0.028	0.3696853416875392	0.028	-0.0054507693792453715	0.792	-0.014744348137699231	0.788
PC(P-40:3)/PC(O-40:4)	AD_CTL	LDL_C	0.36968534168753925	0.014048618123550401	0.12067481106696985	0.4924491214913378	0.35646790762087144	0.0171251029131555	0.11306425171374432	0.008748735260951313	0.3564679076208715	0.020	0.36968534168753925	0.008	0.013217434066667769	0.512	0.03575320029280263	0.52
PC(P-40:3)/PC(O-40:4)	AD_CTL	ApoB	0.36968534168753925	0.014048618123550401	0.028194587145828225	0.7175290793364141	0.362559968395384	0.015247909759129786	0.2569973951840719	0.008255811244005958	0.362559968395384	0.024	0.36968534168753925	0.020	0.007125373292155223	0.800	0.019274156934730835	0.804
SM(d34:1)	AD_CTL	Total_C	1.0372218064082226	5.46391803843048e-4	5.6955954618099724	5.055057730730403e-17	0.896711550503469	0.00611828908583832	0.05043228738822119	0.0184200409675915	0.896711550503469	0.012	1.0372218064082226	<2e-16	0.14051025590475366	0.320	0.13546789610153318	0.32
SM(d34:1)	AD_CTL	Total_TG	1.0372218064082226	5.46391803843048e-4	-0.9473898239977909	0.009350570506591886	1.0461817859378346	5.547761034494421e-4	-0.009336094879550137	0.8225479301732811	1.0461817859378346	0.004	1.0372218064082226	0.004	-0.008959979529611957	0.824	-0.008638441145620835	0.82
SM(d34:1)	AD_CTL	HDL_C	1.0372218064082226	5.46391803843048e-4	1.2398146725097838	1.5850679689073225e-8	1.1262994459209748	3.1540450248695973e-4	-0.0010110403094939046	0.9881533063618906	1.1262994459209748	<2e-16	1.0372218064082226	<2e-16	-0.08907763951275202	0.36	-0.08588099378783544	0.36
SM(d34:1)	AD_CTL	LDL_C	1.0372218064082226	5.46391803843048e-4	2.502693187950467	1.8538911141006893e-13	0.8655382842573491	0.006827210371386217	0.11306425171374432	0.008748735260951313	0.8655382842573491	0.004	1.0372218064082226	0.004	0.17168352215087343	0.116	0.16552247657171162	0.12
SM(d34:1)	AD_CTL	ApoB	1.0372218064082226	5.46391803843048e-4	0.956110130210894	3.27013802820988e-10	0.8750935662617987	0.005310513447743241	0.2569973951840719	0.008255811244005958	0.8750935662617987	<2e-16	1.0372218064082226	<2e-16	0.1621282401464238	0.11	0.15631009601297804	0.112
SM(d36:1)	AD_CTL	Total_C	0.5946511702582451	0.010732470639017692	3.6235317124643096	1.1334434821171746e-11	0.46308452796840943	0.059950086708624825	0.05043228738822119	0.0184200409675915	0.4630845279684095	0.092	0.5946511702582451	0.008	0.13156664228983564	0.124	0.22125011917944915	0.132
SM(d36:1)	AD_CTL	Total_TG	0.5946511702582451	0.010732470639017692	0.10670470237511122	0.7065169883036255	0.5958620299547391	0.010680576969624931	-0.009336094879550137	0.8225479301732811	0.595862029954739	0.016	0.5946511702582449	0.016	-0.0012108596964941103	0.896	-0.0020362521038481407	0.896
SM(d36:1)	AD_CTL	HDL_C	0.5946511702582451	0.010732470639017692	0.5979373618186016	5.062784837620743e-4	0.6138320227291055	0.00958392478180446	-0.0010110403094939046	0.9881533063618906	0.6138320227291055	0.012	0.5946511702582451	0.012	-0.0191808524708605	0.624	-0.032255637305028166	0.62
SM(d36:1)	AD_CTL	LDL_C	0.5946511702582451	0.010732470639017692	1.709328576669426	1.1831756335514163e-10	0.4460229092774002	0.06796115829317699	0.11306425171374432	0.008748735260951313	0.44602290927740024	0.068	0.5946511702582451	0.012	0.14862826098084492	0.072	0.24994192968004864	0.084
SM(d36:1)	AD_CTL	ApoB	0.5946511702582451	0.010732470639017692	0.666295262277194	1.796935787930692e-8	0.4589390667337538	0.05714137223825022	0.2569973951840719	0.008255811244005958	0.45893906673375384	0.044	0.5946511702582452	0.020	0.13571210352449134	0.052	0.22822136794173678	0.072
TG(50:6)_B	AD_CTL	Total_C	-0.2141850997315574	0.004930825568093279	0.9338083630008822	1.2406508351847845e-7	-0.2805171934822375	3.3625106964736e-4	0.05043228738822119	0.0184200409675915	-0.2805171934822375	<2e-16	-0.21418509973155733	0.004	0.0663320937506802	<2e-16	-0.3096951834362689	0.004
TG(50:6)_B	AD_CTL	Total_TG	-0.2141850997315574	0.004930825568093279	1.2169978931180416	3.158195634539588e-51	-0.36081277225219277	3.7444859119133893e-4	-0.009336094879550137	0.8225479301732811	-0.36081277225219277	<2e-16	-0.2141850997315574	0.012	0.14662767252063538	0.020	-0.6845839075846399	0.032
TG(50:6)_B	AD_CTL	HDL_C	-0.2141850997315574	0.004930825568093279	-0.2147464618133049	1.314325974892516e-4	-0.22251849317817812	0.004182257353651749	-0.0010110403094939046	0.9881533063618906	-0.22251849317817812	0.004	-0.21418509973155736	0.004	0.008333393446620768	0.620	-0.038907437805268355	0.624
TG(50:6)_B	AD_CTL	LDL_C	-0.2141850997315574	0.004930825568093279	0.5301252918957154	1.129545373376031e-9	-0.3012158076835748	1.3546390669645655e-4	0.11306425171374432	0.008748735260951313	-0.3012158076835748	0.004	-0.21418509973155742	0.008	0.08703070795201741	<2e-16	-0.4063340916856251	0.008
TG(50:6)_B	AD_CTL	ApoB	-0.2141850997315574	0.004930825568093279	0.29076208759991656	2.2327613283539e-14	-0.33506028033120366	3.4820675481497195e-5	0.2569973951840719	0.008255811244005958	-0.33506028033120366	<2e-16	-0.2141850997315574	0.004	0.12087518059964628	<2e-16	-0.5643491575797833	0.004
TG(52:6)_A	AD_CTL	Total_C	-0.2495944791568353	0.005820010869367839	1.1316545744653501	6.719936550355142e-8	-0.33024110214525015	3.8845045920780826e-4	0.05043228738822119	0.0184200409675915	-0.33024110214525015	<2e-16	-0.2495944791568353	0.004	0.08064662298841484	0.004	-0.3231106042924118	0.008
TG(52:6)_A	AD_CTL	Total_TG	-0.2495944791568353	0.005820010869367839	1.482942924715095	8.406919402278348e-55	-0.4372260120147638	3.788610345150138e-4	-0.009336094879550137	0.8225479301732811	-0.4372260120147638	<2e-16	-0.2495944791568353	<2e-16	0.18763153285792847	0.016	-0.751745525348853	0.016
TG(52:6)_A	AD_CTL	HDL_C	-0.2495944791568353	0.005820010869367839	-0.32431072391795124	1.0076970331151518e-6	-0.2655812587349712	0.0044571162399162575	-0.0010110403094939046	0.9881533063618906	-0.2655812587349712	0.012	-0.2495944791568353	0.020	0.01598677957813587	0.452	-0.0640510143980004	0.456
TG(52:6)_A	AD_CTL	LDL_C	-0.2495944791568353	0.005820010869367839	0.69565056372883	1.3389429300633567e-11	-0.36872390319144904	9.971518759372856e-5	0.11306425171374432	0.008748735260951313	-0.36872390319144904	<2e-16	-0.2495944791568353	0.008	0.11912942403461377	<2e-16	-0.47729190339886296	0.008
TG(52:6)_A	AD_CTL	ApoB	-0.2495944791568353	0.005820010869367839	0.375963757601659	5.580915679221169e-17	-0.41374718880457706	2.2200223723881286e-5	0.2569973951840719	0.008255811244005958	-0.41374718880457706	<2e-16	-0.24959447915683527	0.008	0.16415270964774173	<2e-16	-0.6576776465660312	0.008
TG(52:7)_A	AD_CTL	Total_C	-0.2515933102803298	6.530305952494556e-4	0.7149904964952745	3.468733587204362e-5	-0.30045972006948535	5.8795578261940124e-5	0.05043228738822119	0.0184200409675915	-0.30045972006948535	<2e-16	-0.2515933102803298	<2e-16	0.048866409789155574	<2e-16	-0.19422777869056912	0
TG(52:7)_A	AD_CTL	Total_TG	-0.2515933102803298	6.530305952494556e-4	1.04478748280464	1.0109913283560736e-37	-0.3676245494151105	5.188130791574863e-5	-0.009336094879550137	0.8225479301732811	-0.3676245494151105	<2e-16	-0.2515933102803298	<2e-16	0.11603123913478075	0.02	-0.46118570881513765	0.02
TG(52:7)_A	AD_CTL	HDL_C	-0.2515933102803298	6.530305952494556e-4	-0.18965543954975358	5.174210823358402e-4	-0.2596158086730147	5.396692301291079e-4	-0.0010110403094939046	0.9881533063618906	-0.2596158086730147	0.004	-0.2515933102803298	0.004	0.008022498392684941	0.488	-0.031886771487469726	0.492
TG(52:7)_A	AD_CTL	LDL_C	-0.2515933102803298	6.530305952494556e-4	0.41938763051087175	8.614386050438277e-7	-0.31798952166535366	2.3831602856417418e-5	0.11306425171374432	0.008748735260951313	-0.31798952166535366	<2e-16	-0.2515933102803297	<2e-16	0.06639621138502393	<2e-16	-0.2639029285438635	0
TG(52:7)_A	AD_CTL	ApoB	-0.2515933102803298	6.530305952494556e-4	0.23275348094317416	5.040533264344205e-10	-0.34355963761268565	7.140709499691808e-6	0.2569973951840719	0.008255811244005958	-0.3435596376126856	<2e-16	-0.2515933102803297	<2e-16	0.09196632733235587	<2e-16	-0.3655356624144154	0
TG(53:5)_A	AD_CTL	Total_C	-0.3033811636606655	0.0026604625705922615	1.0874090374960907	3.7874586635083725e-6	-0.37821315697450075	2.3610097851216994e-4	0.05043228738822119	0.0184200409675915	-0.3782131569745008	<2e-16	-0.30338116366066553	0.004	0.07483199331383529	<2e-16	-0.2466599851187054	0.004
TG(53:5)_A	AD_CTL	Total_TG	-0.3033811636606655	0.0026604625705922615	1.2416945799355255	1.7340534710425807e-27	-0.3938193070344895	7.854862050395855e-4	-0.009336094879550137	0.8225479301732811	-0.3938193070344895	<2e-16	-0.30338116366066553	<2e-16	0.09043814337382396	0.12	-0.29810072017186867	0.12
TG(53:5)_A	AD_CTL	HDL_C	-0.3033811636606655	0.0026604625705922615	-0.3180126658630593	1.877682059560588e-5	-0.31816776950835235	0.0021020805747099724	-0.0010110403094939046	0.9881533063618906	-0.31816776950835235	0.012	-0.3033811636606655	0.012	0.014786605847686858	0.452	-0.048739366904880774	0.456
TG(53:5)_A	AD_CTL	LDL_C	-0.3033811636606655	0.0026604625705922615	0.6830753371781655	3.4664989776403064e-9	-0.4159139737670959	6.687897283322604e-5	0.11306425171374432	0.008748735260951313	-0.4159139737670959	<2e-16	-0.30338116366066553	0.004	0.11253281010643036	<2e-16	-0.3709287971230122	0.004
TG(53:5)_A	AD_CTL	ApoB	-0.3033811636606655	0.0026604625705922615	0.37107520743894695	2.3660118993342e-13	-0.4570199011131225	1.8260909647729054e-5	0.2569973951840719	0.008255811244005958	-0.4570199011131225	<2e-16	-0.3033811636606655	0.008	0.15363873745245707	<2e-16	-0.5064214785078198	0.008
TG(54:6)_B	AD_CTL	Total_C	-0.31394872314881117	0.0028824860439148284	1.1748940842849651	1.6474490900996868e-6	-0.3956323468241415	2.3378300161730934e-4	0.05043228738822119	0.0184200409675915	-0.39563234682414156	<2e-16	-0.3139487231488112	0.012	0.08168362367533032	<2e-16	-0.2601814170673101	0.012
TG(54:6)_B	AD_CTL	Total_TG	-0.31394872314881117	0.0028824860439148284	1.5707566831793633	6.0626190792702345e-43	-0.4834514126562995	2.993473270949579e-4	-0.009336094879550137	0.8225479301732811	-0.4834514126562995	<2e-16	-0.31394872314881117	<2e-16	0.1695026895074883	0.028	-0.5399056502202888	0.028
TG(54:6)_B	AD_CTL	HDL_C	-0.31394872314881117	0.0028824860439148284	-0.39064550884778637	4.15583759116588e-7	-0.3354912540400167	0.0020714740965686105	-0.0010110403094939046	0.9881533063618906	-0.3354912540400167	0.004	-0.31394872314881117	0.004	0.021542530891205527	0.464	-0.06861799173807884	0.468
TG(54:6)_B	AD_CTL	LDL_C	-0.31394872314881117	0.0028824860439148284	0.7606247659456729	2.513793514045837e-10	-0.442763799447661	5.268004542521709e-5	0.11306425171374432	0.008748735260951313	-0.442763799447661	<2e-16	-0.31394872314881117	0.004	0.1288150762988498	<2e-16	-0.4103061003302494	0.004
TG(54:6)_B	AD_CTL	ApoB	-0.31394872314881117	0.0028824860439148284	0.41284760622264893	4.095090062014246e-15	-0.4912975498032724	1.2242596051770702e-5	0.2569973951840719	0.008255811244005958	-0.49129754980327234	<2e-16	-0.3139487231488111	0.016	0.1773488266544612	<2e-16	-0.5648974293499458	0.016
TG(54:7)_A	AD_CTL	Total_C	-0.3431860246522776	1.511019097791426e-4	0.9468211845135341	7.873929215150294e-6	-0.4112863692154867	7.857120181326592e-6	0.05043228738822119	0.0184200409675915	-0.4112863692154867	<2e-16	-0.34318602465227754	<2e-16	0.06810034456320914	<2e-16	-0.19843565783953374	0
TG(54:7)_A	AD_CTL	Total_TG	-0.3431860246522776	1.511019097791426e-4	1.2092035038596152	8.561396761855727e-33	-0.4764282382798747	1.0861099071937906e-5	-0.009336094879550137	0.8225479301732811	-0.4764282382798746	<2e-16	-0.34318602465227754	<2e-16	0.13324221362759706	0.024	-0.38825069803643825	0.024
TG(54:7)_A	AD_CTL	HDL_C	-0.3431860246522776	1.511019097791426e-4	-0.254108664084099	1.5078926156684755e-4	-0.35620974673870015	1.141325778939978e-4	-0.0010110403094939046	0.9881533063618906	-0.35620974673870015	<2e-16	-0.34318602465227754	<2e-16	0.013023722086422586	0.45	-0.03794945350591844	0.452
TG(54:7)_A	AD_CTL	LDL_C	-0.3431860246522776	1.511019097791426e-4	0.5862152142711163	1.886181192606321e-8	-0.4437135904041783	1.8713746528656903e-6	0.11306425171374432	0.008748735260951313	-0.4437135904041783	<2e-16	-0.3431860246522776	<2e-16	0.10052756575190068	<2e-16	-0.29292441571231537	0
TG(54:7)_A	AD_CTL	ApoB	-0.3431860246522776	1.511019097791426e-4	0.31194176410650776	9.582739146036067e-12	-0.4763506890486594	4.88008051217204e-7	0.2569973951840719	0.008255811244005958	-0.4763506890486594	<2e-16	-0.34318602465227754	<2e-16	0.13316466439638186	<2e-16	-0.38802472953642786	0
TG(54:8)_A	AD_CTL	Total_C	-0.30064995464746425	7.808748275917724e-5	0.6572355363355193	2.395651350516239e-4	-0.3454392966845547	6.771216682904336e-6	0.05043228738822119	0.0184200409675915	-0.3454392966845547	<2e-16	-0.3006499546474642	<2e-16	0.0447893420370905	<2e-16	-0.1489750500365435	0
TG(54:8)_A	AD_CTL	Total_TG	-0.30064995464746425	7.808748275917724e-5	0.8460374001431997	5.971339670512797e-22	-0.3705507983136943	1.484697635473362e-5	-0.009336094879550137	0.8225479301732811	-0.3705507983136943	<2e-16	-0.3006499546474642	<2e-16	0.0699008436662301	0.052	-0.23249909932031876	0.052
TG(54:8)_A	AD_CTL	HDL_C	-0.30064995464746425	7.808748275917724e-5	-0.1528342378435996	0.006973400854116226	-0.3064211821969441	6.757327608286374e-5	-0.0010110403094939046	0.9881533063618906	-0.3064211821969441	<2e-16	-0.30064995464746425	<2e-16	0.005771227549479853	0.55	-0.019195837086511694	0.552
TG(54:8)_A	AD_CTL	LDL_C	-0.30064995464746425	7.808748275917724e-5	0.4030486960047723	4.991472899287971e-6	-0.36505101719394256	2.2879080782957907e-6	0.11306425171374432	0.008748735260951313	-0.36505101719394256	<2e-16	-0.30064995464746425	<2e-16	0.0644010625464783	<2e-16	-0.21420612759444324	0
TG(54:8)_A	AD_CTL	ApoB	-0.30064995464746425	7.808748275917724e-5	0.2062121096456821	1.1991878175264227e-7	-0.37974837203354644	1.0777390058282028e-6	0.2569973951840719	0.008255811244005958	-0.37974837203354644	<2e-16	-0.30064995464746425	0.004	0.07909841738608217	<2e-16	-0.263091399693811	0.004
TG(56:7)	AD_CTL	Total_C	-0.42836983920927735	8.846043057732793e-5	0.9548319501580915	2.0060599382436638e-4	-0.49356411950220463	7.559087943474953e-6	0.05043228738822119	0.0184200409675915	-0.49356411950220463	<2e-16	-0.42836983920927735	<2e-16	0.06519428029292729	<2e-16	-0.15219157448915782	0
TG(56:7)	AD_CTL	Total_TG	-0.42836983920927735	8.846043057732793e-5	1.265643068666319	6.019704040675644e-24	-0.5395919620019561	1.4043382344432212e-5	-0.009336094879550137	0.8225479301732811	-0.5395919620019561	<2e-16	-0.4283698392092773	<2e-16	0.11122212279267883	0.048	-0.25964041492272755	0.048
TG(56:7)	AD_CTL	HDL_C	-0.42836983920927735	8.846043057732793e-5	-0.2777737801002709	6.130905968251075e-4	-0.4416273193802721	6.951774847784401e-5	-0.0010110403094939046	0.9881533063618906	-0.4416273193802721	<2e-16	-0.4283698392092773	<2e-16	0.013257480170994838	0.47	-0.030948677888869718	0.472
TG(56:7)	AD_CTL	LDL_C	-0.42836983920927735	8.846043057732793e-5	0.5990606760594199	2.229516891033274e-6	-0.525143683845888	2.278760229067248e-6	0.11306425171374432	0.008748735260951313	-0.525143683845888	<2e-16	-0.42836983920927735	<2e-16	0.09677384463661072	<2e-16	-0.22591190083607282	0
TG(56:7)	AD_CTL	ApoB	-0.42836983920927735	8.846043057732793e-5	0.33179408265134847	2.4994741773070782e-9	-0.5621888688425974	6.192864748500274e-7	0.2569973951840719	0.008255811244005958	-0.5621888688425974	<2e-16	-0.4283698392092774	<2e-16	0.13381902963332004	<2e-16	-0.31239134361171395	0
TG(56:8)	AD_CTL	Total_C	-0.3798444029102611	4.6088150846797696e-5	0.7922652879134475	3.041323690823293e-4	-0.433949971716282	3.856130261293717e-6	0.05043228738822119	0.0184200409675915	-0.4339499717162821	<2e-16	-0.3798444029102612	<2e-16	0.05410556880602089	<2e-16	-0.1424414007195557	0
TG(56:8)	AD_CTL	Total_TG	-0.3798444029102611	4.6088150846797696e-5	0.9818331875192479	1.3136422125675712e-19	-0.456638674967482	1.0044539358650123e-5	-0.009336094879550137	0.8225479301732811	-0.456638674967482	<2e-16	-0.3798444029102611	<2e-16	0.07679427205722088	0.11	-0.2021729725878405	0.108
TG(56:8)	AD_CTL	HDL_C	-0.3798444029102611	4.6088150846797696e-5	-0.22166692444069686	0.001379440086965364	-0.3900819097040809	3.685565256713619e-5	-0.0010110403094939046	0.9881533063618906	-0.3900819097040809	<2e-16	-0.37984440291026117	<2e-16	0.010237506793819738	0.53	-0.02695184321628234	0.528
TG(56:8)	AD_CTL	LDL_C	-0.3798444029102611	4.6088150846797696e-5	0.5089960586234142	2.5031818612246062e-6	-0.46273689518810485	1.0364517229689684e-6	0.11306425171374432	0.008748735260951313	-0.46273689518810485	<2e-16	-0.3798444029102611	<2e-16	0.08289249227784368	<2e-16	-0.21822749431805416	0
TG(56:8)	AD_CTL	ApoB	-0.3798444029102611	4.6088150846797696e-5	0.26889657672740624	1.6442644809796723e-8	-0.48682983521891965	3.7173688185329843e-7	0.2569973951840719	0.008255811244005958	-0.48682983521891965	<2e-16	-0.3798444029102611	<2e-16	0.10698543230865852	<2e-16	-0.28165593987687115	0
TG(56:9)	AD_CTL	Total_C	-0.3526551928034268	1.931310881219125e-5	0.6900718035637853	3.875715754809094e-4	-0.400055342023832	1.4885834730519952e-6	0.05043228738822119	0.0184200409675915	-0.40005534202383203	<2e-16	-0.35265519280342683	<2e-16	0.047400149220405176	<2e-16	-0.13440933293395865	0
TG(56:9)	AD_CTL	Total_TG	-0.3526551928034268	1.931310881219125e-5	0.7933105211735288	2.786347804928348e-16	-0.4092798052138398	5.20898523789614e-6	-0.009336094879550137	0.8225479301732811	-0.4092798052138398	<2e-16	-0.3526551928034268	<2e-16	0.05662461241041299	0.1	-0.1605665067917377	0.104
TG(56:9)	AD_CTL	HDL_C	-0.3526551928034268	1.931310881219125e-5	-0.11534267848522468	0.06147603799458721	-0.35592092641454404	1.8015730586121473e-5	-0.0010110403094939046	0.9881533063618906	-0.35592092641454404	<2e-16	-0.3526551928034268	<2e-16	0.003265733611117265	0.71	-0.009260415492981596	0.708
TG(56:9)	AD_CTL	LDL_C	-0.3526551928034268	1.931310881219125e-5	0.4172043398699621	1.3936520117708006e-5	-0.4194748071988916	5.137528383085641e-7	0.11306425171374432	0.008748735260951313	-0.4194748071988915	<2e-16	-0.3526551928034267	<2e-16	0.0668196143954648	<2e-16	-0.18947577055163534	0
TG(56:9)	AD_CTL	ApoB	-0.3526551928034268	1.931310881219125e-5	0.20176267703933093	2.015900445957229e-6	-0.4283978615103735	3.267414294212488e-7	0.2569973951840719	0.008255811244005958	-0.4283978615103735	<2e-16	-0.3526551928034268	<2e-16	0.07574266870694672	<2e-16	-0.21477826004724784	0
TG(58:10)	AD_CTL	Total_C	-0.3614092790664733	1.1933776793060576e-5	0.5869503051773133	0.0026150833135817836	-0.40011586488980394	1.3449530669889133e-6	0.05043228738822119	0.0184200409675915	-0.400115864889804	<2e-16	-0.36140927906647335	<2e-16	0.03870658582333067	<2e-16	-0.10709903720045724	0
TG(58:10)	AD_CTL	Total_TG	-0.3614092790664733	1.1933776793060576e-5	0.5996905351619556	1.303252482759866e-9	-0.39069939105949125	6.316016467515794e-6	-0.009336094879550137	0.8225479301732811	-0.39069939105949125	<2e-16	-0.36140927906647324	<2e-16	0.029290111993017974	0.26	-0.08104416153529558	0.256
TG(58:10)	AD_CTL	HDL_C	-0.3614092790664733	1.1933776793060576e-5	-0.03969799135377345	0.5208727140268212	-0.36182820741714355	1.2083615428587546e-5	-0.0010110403094939046	0.9881533063618906	-0.36182820741714355	<2e-16	-0.36140927906647324	<2e-16	4.189283506702899e-4	0.86	-0.0011591521716110584	0.86
TG(58:10)	AD_CTL	LDL_C	-0.3614092790664733	1.1933776793060576e-5	0.33845918157080646	4.511411937373521e-4	-0.4123751044105291	6.586647723918806e-7	0.11306425171374432	0.008748735260951313	-0.41237510441052905	<2e-16	-0.36140927906647324	<2e-16	0.05096582534405577	<2e-16	-0.1410196923435431	0
TG(58:10)	AD_CTL	ApoB	-0.3614092790664733	1.1933776793060576e-5	0.15146072118112122	3.9616476239271527e-4	-0.41330819635452326	6.232211842039455e-7	0.2569973951840719	0.008255811244005958	-0.41330819635452326	<2e-16	-0.36140927906647324	<2e-16	0.051898917288049996	<2e-16	-0.1436015074712687	0
TG(58:11)	AD_CTL	Total_C	-0.26402636875471525	4.2406621250117336e-6	0.22783134871662633	0.09474139104289293	-0.27747817944377917	1.2231154589644346e-6	0.05043228738822119	0.0184200409675915	-0.27747817944377917	<2e-16	-0.2640263687547153	<2e-16	0.013451810689063868	0.12	-0.05094873952366786	0.116
TG(58:11)	AD_CTL	Total_TG	-0.26402636875471525	4.2406621250117336e-6	0.28672546259394127	3.894459532199214e-5	-0.2728336957395801	3.3615968787202097e-6	-0.009336094879550137	0.8225479301732811	-0.2728336957395801	<2e-16	-0.26402636875471525	<2e-16	0.00880732698486487	0.5	-0.03335775523636057	0.504
TG(58:11)	AD_CTL	HDL_C	-0.26402636875471525	4.2406621250117336e-6	0.01083887327023356	0.80131226986838755	-0.2640579024975601	4.357430575444373e-6	-0.0010110403094939046	0.9881533063618906	-0.2640579024975601	<2e-16	-0.26402636875471525	<2e-16	3.153374284486304e-5	0.98	-1.1943406635326697e-4	0.98
TG(58:11)	AD_CTL	LDL_C	-0.26402636875471525	4.2406621250117336e-6	0.11986456338794563	0.07610611085422088	-0.27980698651968894	9.582671156766858e-7	0.11306425171374432	0.008748735260951313	-0.27980698651968894	<2e-16	-0.26402636875471525	<2e-16	0.0157806177649737	0.076	-0.05976909745569446	0.076
TG(58:11)	AD_CTL	ApoB	-0.26402636875471525	4.2406621250117336e-6	0.04930093879221729	0.09985450938953007	-0.27860722947160393	1.051093967160347e-6	0.2569973951840719	0.008255811244005958	-0.27860722947160393	<2e-16	-0.2640263687547153	<2e-16	0.01458086071688864	0.14	-0.05522501705287812	0.136
PE(38:5)	AD_CTL	Total_C	-0.48148731425558644	2.266323131961109e-4	0.4239144545563268	0.16989727679783073	-0.5052794903019197	1.0171312478514288e-4	0.05043228738822119	0.0184200409675915	-0.5052794903019198	<2e-16	-0.48148731425558655	<2e-16	0.023792176046333217	0.21	-0.04941392086958221	0.208
PE(38:5)	AD_CTL	Total_TG	-0.48148731425558644	2.266323131961109e-4	0.3359590657881113	0.03464930732732422	-0.48380623219611696	2.3357721860059252e-4	-0.009336094879550137	0.8225479301732811	-0.48380623219611696	<2e-16	-0.48148731425558644	<2e-16	0.002318917940530497	0.9	-0.004816155840192193	0.904
PE(38:5)	AD_CTL	HDL_C	-0.48148731425558644	2.266323131961109e-4	0.35304563380978404	2.60879123911889e-4	-0.4977108778236532	1.812243531398782e-4	-0.0010110403094939046	0.9881533063618906	-0.49771087782365314	<2e-16	-0.48148731425558633	<2e-16	0.01622356356806679	0.48	-0.033694685379509065	0.476
PE(38:5)	AD_CTL	LDL_C	-0.48148731425558644	2.266323131961109e-4	0.021767743466733908	0.8870747430758504	-0.48397326964778575	1.8776486159418336e-4	0.11306425171374432	0.008748735260951313	-0.48397326964778575	<2e-16	-0.4814873142555864	<2e-16	0.0024859553921993552	0.86	-0.005163075575610585	0.86
PE(38:5)	AD_CTL	ApoB	-0.48148731425558644	2.266323131961109e-4	-0.01699763241830144	0.8024379924461325	-0.47719487139339434	2.314169138240504e-4	0.2569973951840719	0.008255811244005958	-0.47719487139339434	<2e-16	-0.48148731425558644	<2e-16	-0.004292442862192096	0.86	0.008914965638977458	0.864
PE(40:7)	AD_CTL	Total_C	-0.6152551032475172	4.8195067963232944e-5	1.7545187433228489	6.985398717799467e-7	-0.7491748093092983	1.261871548280977e-6	0.05043228738822119	0.0184200409675915	-0.7491748093092983	<2e-16	-0.6152551032475171	<2e-16	0.1339197060617811	<2e-16	-0.21766533159157758	0
PE(40:7)	AD_CTL	Total_TG	-0.6152551032475172	4.8195067963232944e-5	0.5563797932143226	0.0025196924470626395	-0.6243748069745563	4.6560028062552595e-5	-0.009336094879550137	0.8225479301732811	-0.6243748069745563	<2e-16	-0.6152551032475172	<2e-16	0.009119703727039066	0.66	-0.014822638087684754	0.664
PE(40:7)	AD_CTL	HDL_C	-0.6152551032475172	4.8195067963232944e-5	0.5716377605097731	2.8651687715887157e-7	-0.6572277608398728	2.713714879655637e-5	-0.0010110403094939046	0.9881533063618906	-0.6572277608398729	<2e-16	-0.6152551032475173	<2e-16	0.041972657592355536	0.29	-0.06821992596373463	0.292
PE(40:7)	AD_CTL	LDL_C	-0.6152551032475172	4.8195067963232944e-5	0.6057362778136739	6.087275833278673e-4	-0.7044651020874441	3.5955817428929857e-6	0.11306425171374432	0.008748735260951313	-0.7044651020874441	<2e-16	-0.6152551032475173	<2e-16	0.08920999883992677	<2e-16	-0.14499676373108855	0
PE(40:7)	AD_CTL	ApoB	-0.6152551032475172	4.8195067963232944e-5	0.22700258128618553	0.0038279142299447533	-0.688064357143465	5.536754648847378e-6	0.2569973951840719	0.008255811244005958	-0.6880643571434649	<2e-16	-0.6152551032475171	<2e-16	0.0728092538959478	0.008	-0.1183399430766796	0.008
PE(O-36:1)/PE(P-36:0)	AD_CTL	Total_C	0.7734057489779064	0.005826554475300363	4.336275737913877	1.5467006458175367e-11	0.622672400066442	0.03544129793443191	0.05043228738822119	0.0184200409675915	0.622672400066442	0.02	0.7734057489779065	<2e-16	0.15073334891146442	0.12	0.19489556304781275	0.12
PE(O-36:1)/PE(P-36:0)	AD_CTL	Total_TG	0.7734057489779064	0.005826554475300363	-0.8220452580809213	0.01562328483012198	0.7771895719893931	0.006014560619160111	-0.009336094879550137	0.8225479301732811	0.7771895719893931	0.004	0.7734057489779064	0.004	-0.003783823011486743	0.952	-0.004892416453442774	0.948
PE(O-36:1)/PE(P-36:0)	AD_CTL	HDL_C	0.7734057489779064	0.005826554475300363	1.4427333479945326	9.3710236445716e-13	0.8820248263785373	0.0032219666269269784	-0.0010110403094939046	0.9881533063618906	0.8820248263785372	<2e-16	0.7734057489779063	<2e-16	-0.10861907740063093	0.28	-0.1404425523655292	0.276
PE(O-36:1)/PE(P-36:0)	AD_CTL	LDL_C	0.7734057489779064	0.005826554475300363	1.4560517063465062	6.922249200995167e-6	0.6408690962723764	0.025094724225313978	0.11306425171374432	0.008748735260951313	0.6408690962723764	0.024	0.7734057489779063	0.004	0.1325366527055298	0.048	0.17136755562094477	0.052
PE(O-36:1)/PE(P-36:0)	AD_CTL	ApoB	0.7734057489779064	0.005826554475300363	0.6083562349017695	2.3144653394791777e-5	0.6457958889052514	0.023559793660838848	0.2569973951840719	0.008255811244005958	0.6457958889052514	0.016	0.7734057489779064	0.004	0.12760986007265496	0.040	0.1649972995950672	0.044
PE(O-36:2)	AD_CTL	Total_C	0.48505058990328526	0.01612101779329543	3.2200868272778354	2.7426511094599825e-12	0.36531457262441164	0.08728756734242894	0.05043228738822119	0.0184200409675915	0.36531457262441164	0.096	0.4850505899032852	0.016	0.11973601727887358	0.056	0.24685263717079053	0.072
PE(O-36:2)	AD_CTL	Total_TG	0.48505058990328526	0.01612101779329543	-1.2376973235369566	2.7967777104029546e-7	0.5063327596370792	0.01525940041982575	-0.009336094879550137	0.8225479301732811	0.5063327596370792	0.008	0.4850505899032852	0.004	-0.02128216973379405	0.680	-0.04387618565320687	0.684
PE(O-36:2)	AD_CTL	HDL_C	0.48505058990328526	0.01612101779329543	1.5128801386998199	1.6659244966065654e-27	0.6568570268637308	0.005037464490537845	-0.0010110403094939046	0.9881533063618906	0.6568570268637307	0.008	0.48505058990328515	0.012	-0.17180643696044556	0.148	-0.354203129604898	0.16
PE(O-36:2)	AD_CTL	LDL_C	0.48505058990328526	0.01612101779329543	0.9352708237972163	6.008256696613208e-5	0.39514592437164203	0.053315047279612254	0.11306425171374432	0.008748735260951313	0.39514592437164203	0.052	0.4850505899032852	0.016	0.08990466553164321	0.016	0.1853511105915146	0.032
PE(O-36:2)	AD_CTL	ApoB	0.48505058990328526	0.01612101779329543	0.2902833101706103	0.005187814882924398	0.4186792316010307	0.03844146489754068	0.2569973951840719	0.008255811244005958	0.41867923160103065	0.024	0.4850505899032851	0.008	0.06637135830225449	0.036	0.1368338884310776	0.044
PE(O-40:4)/PE(P-40:3)	AD_CTL	Total_C	0.7001094447060037	1.1271424128883356e-4	1.1657199713646988	0.006418083939215728	0.6535421636811956	3.34622135459364e-4	0.05043228738822119	0.0184200409675915	0.6535421636811956	<2e-16	0.7001094447060037	<2e-16	0.04656728102480809	0.08	0.06651428769735143	0.08
PE(O-40:4)/PE(P-40:3)	AD_CTL	Total_TG	0.7001094447060037	1.1271424128883356e-4	-0.642542753948984	0.0035592482747192687	0.7092599818912688	1.1090079279513051e-4	-0.009336094879550137	0.8225479301732811	0.7092599818912687	<2e-16	0.7001094447060036	<2e-16	-0.009150537185265178	0.79	-0.013070152466101576	0.788
PE(O-40:4)/PE(P-40:3)	AD_CTL	HDL_C	0.7001094447060037	1.1271424128883356e-4	0.5383489244139044	5.977287767702765e-5	0.7299335146919925	8.114111559680282e-5	-0.0010110403094939046	0.9881533063618906	0.7299335146919926	<2e-16	0.7001094447060038	<2e-16	-0.029824069985988872	0.4	-0.04259915390587661	0.4
PE(O-40:4)/PE(P-40:3)	AD_CTL	LDL_C	0.7001094447060037	1.1271424128883356e-4	0.40141768470481376	0.05892859897833243	0.6606858419841777	2.610855805781166e-4	0.11306425171374432	0.008748735260951313	0.6606858419841777	<2e-16	0.7001094447060036	<2e-16	0.039423602721825865	0.11	0.0563106283166641	0.112
PE(O-40:4)/PE(P-40:3)	AD_CTL	ApoB	0.7001094447060037	1.1271424128883356e-4	0.09332274804820262	0.32263002434578647	0.6778087032987986	1.695552030581587e-4	0.2569973951840719	0.008255811244005958	0.6778087032987986	<2e-16	0.7001094447060037	<2e-16	0.022300741407205026	0.33	0.031853221772446955	0.332
